job_id,tpch_query_id,polling_strategy,number_of_jobs,job_number,prev_job_bytes_written,splits,split_size,map_bin_size,reduce_bin_size,max_concurrency,backend,function_memory,cache_type,map_complexity,reduce_complexity,stage_execution_time,experiment_note,map_bin_sizes,reduce_bin_sizes
-N928kgDcnSoZlDeXkc6,15,AveragePolling,3,1,186015351,2,67108864,268435456,134217728,32,whisk,1024,0,1,1,0,withoutBinSizeLogging Sync initBackoff:2 maxRetries:5,,
-N928kgDcnSoZlDeXkc7,15,AveragePolling,3,2,60868128,1,67108864,268435456,134217728,32,whisk,1024,0,1,1,0,withoutBinSizeLogging Sync initBackoff:2 maxRetries:5,,
-N928kgDcnSoZlDeXkc5,15,AveragePolling,3,0,0,1,67108864,268435456,134217728,32,whisk,1024,0,1,1,509513512767,withoutBinSizeLogging Sync initBackoff:2 maxRetries:5,,
-N92BzzOljorRURRwvR0,15,AveragePolling,3,1,186015351,2,67108864,268435456,134217728,32,whisk,1024,0,1,1,0,withoutBinSizeLogging Sync initBackoff:2 maxRetries:5,,
-N92BzzOljorRURRwvR1,15,AveragePolling,3,2,60884131,1,67108864,268435456,134217728,32,whisk,1024,0,1,1,0,withoutBinSizeLogging Sync initBackoff:2 maxRetries:5,,
-N92BzzOljorRURRwvR-,15,AveragePolling,3,0,0,1,67108864,268435456,134217728,32,whisk,1024,0,1,1,445050724579,withoutBinSizeLogging Sync initBackoff:2 maxRetries:5,,
-N92Do6KM8QPk3mccE-Y,15,AveragePolling,3,0,0,1,67108864,268435456,134217728,32,whisk,1024,0,1,1,424804599135,withoutBinSizeLogging Sync initBackoff:2 maxRetries:5,,
-N92Do6KM8QPk3mccE-Z,15,AveragePolling,3,1,186015351,2,67108864,268435456,134217728,32,whisk,1024,0,1,1,0,withoutBinSizeLogging Sync initBackoff:2 maxRetries:5,,
-N92Do6KM8QPk3mccE-_,15,AveragePolling,3,2,60879864,1,67108864,268435456,134217728,32,whisk,1024,0,1,1,0,withoutBinSizeLogging Sync initBackoff:2 maxRetries:5,,
-N92KHuXBdhB1kMP-8Zv,15,MovingAveragePolling,3,0,0,1,67108864,268435456,134217728,32,whisk,1024,0,1,1,364034027187,withoutBinSizeLogging Sync initBackoff:2 maxRetries:5,,
-N92KHuXBdhB1kMP-8Zw,15,MovingAveragePolling,3,1,186015351,2,67108864,268435456,134217728,32,whisk,1024,0,1,1,0,withoutBinSizeLogging Sync initBackoff:2 maxRetries:5,,
-N92KHuXBdhB1kMP-8Zx,15,MovingAveragePolling,3,2,60869418,1,67108864,268435456,134217728,32,whisk,1024,0,1,1,0,withoutBinSizeLogging Sync initBackoff:2 maxRetries:5,,
-N92WFS7QId-argZjsN3,15,MovingAveragePolling,3,0,0,1,67108864,268435456,134217728,32,whisk,1024,0,1,1,479910920912,withoutBinSizeLogging Sync initBackoff:2 maxRetries:5,,
-N92WFS7QId-argZjsN4,15,MovingAveragePolling,3,1,186015351,2,67108864,268435456,134217728,32,whisk,1024,0,1,1,0,withoutBinSizeLogging Sync initBackoff:2 maxRetries:5,,
-N92WFS7QId-argZjsN5,15,MovingAveragePolling,3,2,60876579,1,67108864,268435456,134217728,32,whisk,1024,0,1,1,0,withoutBinSizeLogging Sync initBackoff:2 maxRetries:5,,
-N92YUOj8GzKqML7g_c8,15,MovingAveragePolling,3,0,0,1,67108864,268435456,134217728,32,whisk,1024,0,1,1,369781082267,withoutBinSizeLogging Sync initBackoff:2 maxRetries:5,,
-N92YUOj8GzKqML7g_c9,15,MovingAveragePolling,3,1,186015351,2,67108864,268435456,134217728,32,whisk,1024,0,1,1,0,withoutBinSizeLogging Sync initBackoff:2 maxRetries:5,,
-N92YUOj8GzKqML7g_cA,15,MovingAveragePolling,3,2,60866274,1,67108864,268435456,134217728,32,whisk,1024,0,1,1,0,withoutBinSizeLogging Sync initBackoff:2 maxRetries:5,,
-N95eLVDiB-aimA100Tf,15,ConstantPolling,3,0,0,1,67108864,268435456,134217728,32,whisk,1024,0,1,1,250379238478,withoutBinSizeLogging Sync initBackoff:2 maxRetries:30,,
-N95eLVDiB-aimA100Tg,15,ConstantPolling,3,1,186015351,2,67108864,268435456,134217728,32,whisk,1024,0,1,1,0,withoutBinSizeLogging Sync initBackoff:2 maxRetries:30,,
-N95eLVDiB-aimA100Th,15,ConstantPolling,3,2,60877108,1,67108864,268435456,134217728,32,whisk,1024,0,1,1,0,withoutBinSizeLogging Sync initBackoff:2 maxRetries:30,,
-N95heF7uBUhYo1-Ji_B,15,ConstantPolling,3,0,0,1,67108864,268435456,134217728,32,whisk,1024,0,1,1,240068851527,withoutBinSizeLogging Sync initBackoff:2 maxRetries:30,,
-N95heF7uBUhYo1-Ji_C,15,ConstantPolling,3,1,186015351,2,67108864,268435456,134217728,32,whisk,1024,0,1,1,0,withoutBinSizeLogging Sync initBackoff:2 maxRetries:30,,
-N95heF7uBUhYo1-Ji_D,15,ConstantPolling,3,2,60888945,1,67108864,268435456,134217728,32,whisk,1024,0,1,1,0,withoutBinSizeLogging Sync initBackoff:2 maxRetries:30,,
-N95i_yTAVf1MGYkyBRC,15,ConstantPolling,3,2,60873941,1,67108864,268435456,134217728,32,whisk,1024,0,1,1,0,withoutBinSizeLogging Sync initBackoff:2 maxRetries:30,,
-N95i_yTAVf1MGYkyBRA,15,ConstantPolling,3,0,0,1,67108864,268435456,134217728,32,whisk,1024,0,1,1,237956097212,withoutBinSizeLogging Sync initBackoff:2 maxRetries:30,,
-N95i_yTAVf1MGYkyBRB,15,ConstantPolling,3,1,186015351,2,67108864,268435456,134217728,32,whisk,1024,0,1,1,0,withoutBinSizeLogging Sync initBackoff:2 maxRetries:30,,
-N95uBtpCO58OOsWeCaD,15,DuplicationBackoffPolling,3,0,0,1,67108864,268435456,134217728,32,whisk,1024,0,1,1,317475396177,withoutBinSizeLogging Sync initBackoff:2 maxRetries:8,,
-N95uBtpCO58OOsWeCaE,15,DuplicationBackoffPolling,3,1,186015351,2,67108864,268435456,134217728,32,whisk,1024,0,1,1,0,withoutBinSizeLogging Sync initBackoff:2 maxRetries:8,,
-N95uBtpCO58OOsWeCaF,15,DuplicationBackoffPolling,3,2,60875932,1,67108864,268435456,134217728,32,whisk,1024,0,1,1,0,withoutBinSizeLogging Sync initBackoff:2 maxRetries:8,,
-N95vRo9xLlcAhyrwUDE,15,DuplicationBackoffPolling,3,1,186015351,2,67108864,268435456,134217728,32,whisk,1024,0,1,1,0,withoutBinSizeLogging Sync initBackoff:2 maxRetries:8,,
-N95vRo9xLlcAhyrwUDF,15,DuplicationBackoffPolling,3,2,60883718,1,67108864,268435456,134217728,32,whisk,1024,0,1,1,0,withoutBinSizeLogging Sync initBackoff:2 maxRetries:8,,
-N95vRo9xLlcAhyrwUDD,15,DuplicationBackoffPolling,3,0,0,1,67108864,268435456,134217728,32,whisk,1024,0,1,1,317536910363,withoutBinSizeLogging Sync initBackoff:2 maxRetries:8,,
-N95wuA0sNnXeIrduxjK,15,DuplicationBackoffPolling,3,1,186015351,2,67108864,268435456,134217728,32,whisk,1024,0,1,1,0,withoutBinSizeLogging Sync initBackoff:2 maxRetries:8,,
-N95wuA0sNnXeIrduxjL,15,DuplicationBackoffPolling,3,2,60865512,1,67108864,268435456,134217728,32,whisk,1024,0,1,1,0,withoutBinSizeLogging Sync initBackoff:2 maxRetries:8,,
-N95wuA0sNnXeIrduxjJ,15,DuplicationBackoffPolling,3,0,0,1,67108864,268435456,134217728,32,whisk,1024,0,1,1,310072315126,withoutBinSizeLogging Sync initBackoff:2 maxRetries:8,,
-N95yaqtNM6Eg8rxaDYu,15,ExponentialBackoffPolling,3,0,0,1,67108864,268435456,134217728,32,whisk,1024,0,1,1,661404203019,withoutBinSizeLogging Sync initBackoff:2 maxRetries:5,,
-N95yaqtNM6Eg8rxaDYv,15,ExponentialBackoffPolling,3,1,186015351,2,67108864,268435456,134217728,32,whisk,1024,0,1,1,0,withoutBinSizeLogging Sync initBackoff:2 maxRetries:5,,
-N95yaqtNM6Eg8rxaDYw,15,ExponentialBackoffPolling,3,2,60882078,1,67108864,268435456,134217728,32,whisk,1024,0,1,1,0,withoutBinSizeLogging Sync initBackoff:2 maxRetries:5,,
-N960y_AXoZDDY322QBr,15,ExponentialBackoffPolling,3,0,0,1,67108864,268435456,134217728,32,whisk,1024,0,1,1,661243144229,withoutBinSizeLogging Sync initBackoff:2 maxRetries:5,,
-N960y_AXoZDDY322QBs,15,ExponentialBackoffPolling,3,1,186015351,2,67108864,268435456,134217728,32,whisk,1024,0,1,1,0,withoutBinSizeLogging Sync initBackoff:2 maxRetries:5,,
-N960y_AXoZDDY322QBt,15,ExponentialBackoffPolling,3,2,60871181,1,67108864,268435456,134217728,32,whisk,1024,0,1,1,0,withoutBinSizeLogging Sync initBackoff:2 maxRetries:5,,
-N964_NnHsC3KB-x79i-,15,ExponentialBackoffPolling,3,0,0,1,67108864,268435456,134217728,32,whisk,1024,0,1,1,650240097737,withoutBinSizeLogging Sync initBackoff:2 maxRetries:5,,
-N964_NnHsC3KB-x79i0,15,ExponentialBackoffPolling,3,1,186015351,2,67108864,268435456,134217728,32,whisk,1024,0,1,1,0,withoutBinSizeLogging Sync initBackoff:2 maxRetries:5,,
-N964_NnHsC3KB-x79i1,15,ExponentialBackoffPolling,3,2,60860060,1,67108864,268435456,134217728,32,whisk,1024,0,1,1,0,withoutBinSizeLogging Sync initBackoff:2 maxRetries:5,,
-N96AeaowwrR8VH4hJDt,15,LinearBackoffPolling,3,0,0,1,67108864,268435456,134217728,32,whisk,1024,0,1,1,353306029458,withoutBinSizeLogging Sync initBackoff:2 maxRetries:8,,
-N96AeaowwrR8VH4hJDu,15,LinearBackoffPolling,3,1,186015351,2,67108864,268435456,134217728,32,whisk,1024,0,1,1,0,withoutBinSizeLogging Sync initBackoff:2 maxRetries:8,,
-N96AeaowwrR8VH4hJDv,15,LinearBackoffPolling,3,2,60880107,1,67108864,268435456,134217728,32,whisk,1024,0,1,1,0,withoutBinSizeLogging Sync initBackoff:2 maxRetries:8,,
-N96CtlzIvl42tvZquTF,15,LinearBackoffPolling,3,0,0,1,67108864,268435456,134217728,32,whisk,1024,0,1,1,353129955525,withoutBinSizeLogging Sync initBackoff:2 maxRetries:8,,
-N96CtlzIvl42tvZquTG,15,LinearBackoffPolling,3,1,186015351,2,67108864,268435456,134217728,32,whisk,1024,0,1,1,0,withoutBinSizeLogging Sync initBackoff:2 maxRetries:8,,
-N96CtlzIvl42tvZquTH,15,LinearBackoffPolling,3,2,60882213,1,67108864,268435456,134217728,32,whisk,1024,0,1,1,0,withoutBinSizeLogging Sync initBackoff:2 maxRetries:8,,
-N96GPtkaVKP8YV_CmzH,15,LinearBackoffPolling,3,0,0,1,67108864,268435456,134217728,32,whisk,1024,0,1,1,352803964703,withoutBinSizeLogging Sync initBackoff:2 maxRetries:8,,
-N96GPtkaVKP8YV_CmzI,15,LinearBackoffPolling,3,1,186015351,2,67108864,268435456,134217728,32,whisk,1024,0,1,1,0,withoutBinSizeLogging Sync initBackoff:2 maxRetries:8,,
-N96GPtkaVKP8YV_CmzJ,15,LinearBackoffPolling,3,2,60882583,1,67108864,268435456,134217728,32,whisk,1024,0,1,1,0,withoutBinSizeLogging Sync initBackoff:2 maxRetries:8,,
-N96IA2tx1oSNViT_Ckd,15,SquaredBackoffPolling,3,0,0,1,67108864,268435456,134217728,32,whisk,1024,0,1,1,334351437918,withoutBinSizeLogging Sync initBackoff:2 maxRetries:5,,
-N96IA2tx1oSNViT_Cke,15,SquaredBackoffPolling,3,1,186015351,2,67108864,268435456,134217728,32,whisk,1024,0,1,1,0,withoutBinSizeLogging Sync initBackoff:2 maxRetries:5,,
-N96IA2tx1oSNViT_Ckf,15,SquaredBackoffPolling,3,2,60884148,1,67108864,268435456,134217728,32,whisk,1024,0,1,1,0,withoutBinSizeLogging Sync initBackoff:2 maxRetries:5,,
-N96LdLc5Wdsu1X5H_R-,15,SquaredBackoffPolling,3,0,0,1,67108864,268435456,134217728,32,whisk,1024,0,1,1,281355652908,withoutBinSizeLogging Sync initBackoff:2 maxRetries:5,,
-N96LdLc5Wdsu1X5H_R0,15,SquaredBackoffPolling,3,1,186015351,2,67108864,268435456,134217728,32,whisk,1024,0,1,1,0,withoutBinSizeLogging Sync initBackoff:2 maxRetries:5,,
-N96LdLc5Wdsu1X5H_R1,15,SquaredBackoffPolling,3,2,60882584,1,67108864,268435456,134217728,32,whisk,1024,0,1,1,0,withoutBinSizeLogging Sync initBackoff:2 maxRetries:5,,
-N96MnEcVeKcJfgP9KS0,15,SquaredBackoffPolling,3,2,60893178,1,67108864,268435456,134217728,32,whisk,1024,0,1,1,0,withoutBinSizeLogging Sync initBackoff:2 maxRetries:5,,
-N96MnEcVeKcJfgP9KRz,15,SquaredBackoffPolling,3,0,0,1,67108864,268435456,134217728,32,whisk,1024,0,1,1,467859636853,withoutBinSizeLogging Sync initBackoff:2 maxRetries:5,,
-N96MnEcVeKcJfgP9KS-,15,SquaredBackoffPolling,3,1,156542526,2,67108864,268435456,134217728,32,whisk,1024,0,1,1,0,withoutBinSizeLogging Sync initBackoff:2 maxRetries:5,,
-N96Pvatcfq64wiGDrh3,18,ExponentialBackoffPolling,3,0,0,2,67108864,268435456,268435456,32,whisk,1024,0,2,2,925096657053,withoutBinSizeLogging Sync initBackoff:2 maxRetries:5,,
-N96Pvatcfq64wiGDrh4,18,ExponentialBackoffPolling,3,1,4776579321,2,67108864,268435456,268435456,32,whisk,1024,0,2,2,0,withoutBinSizeLogging Sync initBackoff:2 maxRetries:5,,
-N96Pvatcfq64wiGDrh5,18,ExponentialBackoffPolling,3,2,940164126,1,67108864,268435456,268435456,32,whisk,1024,0,2,2,0,withoutBinSizeLogging Sync initBackoff:2 maxRetries:5,,
-N96Z2rHEdVDDm4EQcGu,18,ExponentialBackoffPolling,3,0,0,2,67108864,268435456,268435456,32,whisk,1024,0,2,2,667908915999,withoutBinSizeLogging Sync initBackoff:2 maxRetries:5,,
-N96Z2rHEdVDDm4EQcGv,18,ExponentialBackoffPolling,3,1,4776579321,2,67108864,268435456,268435456,32,whisk,1024,0,2,2,0,withoutBinSizeLogging Sync initBackoff:2 maxRetries:5,,
-N96Z2rHEdVDDm4EQcGw,18,ExponentialBackoffPolling,3,2,940164126,1,67108864,268435456,268435456,32,whisk,1024,0,2,2,0,withoutBinSizeLogging Sync initBackoff:2 maxRetries:5,,
-N96hv7ZQfXexKW1BNb1,18,ExponentialBackoffPolling,3,0,0,2,67108864,268435456,268435456,32,whisk,1024,0,2,2,904878537156,withoutBinSizeLogging Sync initBackoff:2 maxRetries:5,,
-N96hv7ZQfXexKW1BNb2,18,ExponentialBackoffPolling,3,1,4776579321,2,67108864,268435456,268435456,32,whisk,1024,0,2,2,0,withoutBinSizeLogging Sync initBackoff:2 maxRetries:5,,
-N96hv7ZQfXexKW1BNb3,18,ExponentialBackoffPolling,3,2,940164126,1,67108864,268435456,268435456,32,whisk,1024,0,2,2,0,withoutBinSizeLogging Sync initBackoff:2 maxRetries:5,,
-N96s6GWHpZj5hWttzWv,18,AveragePolling,3,0,0,2,67108864,268435456,268435456,32,whisk,1024,0,2,2,326104949881,withoutBinSizeLogging Sync initBackoff:2 maxRetries:5,,
-N96s6GWHpZj5hWttzWw,18,AveragePolling,3,1,4776579321,2,67108864,268435456,268435456,32,whisk,1024,0,2,2,0,withoutBinSizeLogging Sync initBackoff:2 maxRetries:5,,
-N96s6GWHpZj5hWttzWx,18,AveragePolling,3,2,940164126,1,67108864,268435456,268435456,32,whisk,1024,0,2,2,0,withoutBinSizeLogging Sync initBackoff:2 maxRetries:5,,
-N96ySQemJjcGHRl5d-u,18,AveragePolling,3,0,0,2,67108864,268435456,268435456,32,whisk,1024,0,2,2,322059430534,withoutBinSizeLogging Sync initBackoff:2 maxRetries:5,,
-N96ySQemJjcGHRl5d-v,18,AveragePolling,3,1,4776579321,2,67108864,268435456,268435456,32,whisk,1024,0,2,2,0,withoutBinSizeLogging Sync initBackoff:2 maxRetries:5,,
-N96ySQemJjcGHRl5d-w,18,AveragePolling,3,2,940164126,1,67108864,268435456,268435456,32,whisk,1024,0,2,2,0,withoutBinSizeLogging Sync initBackoff:2 maxRetries:5,,
-N97-GKXC3xWFrjbx_94,18,AveragePolling,3,0,0,2,67108864,268435456,268435456,32,whisk,1024,0,2,2,331308602595,withoutBinSizeLogging Sync initBackoff:2 maxRetries:5,,
-N97-GKXC3xWFrjbx_95,18,AveragePolling,3,1,4776579321,2,67108864,268435456,268435456,32,whisk,1024,0,2,2,0,withoutBinSizeLogging Sync initBackoff:2 maxRetries:5,,
-N97-GKXC3xWFrjbx_96,18,AveragePolling,3,2,940164126,1,67108864,268435456,268435456,32,whisk,1024,0,2,2,0,withoutBinSizeLogging Sync initBackoff:2 maxRetries:5,,
-N97270ihtaelbDz2pwS,18,MovingAveragePolling,3,0,0,2,67108864,268435456,268435456,32,whisk,1024,0,2,2,297529356600,withoutBinSizeLogging Sync initBackoff:2 maxRetries:5,,
-N97270ihtaelbDz2pwT,18,MovingAveragePolling,3,1,4776579321,2,67108864,268435456,268435456,32,whisk,1024,0,2,2,0,withoutBinSizeLogging Sync initBackoff:2 maxRetries:5,,
-N97270ihtaelbDz2pwU,18,MovingAveragePolling,3,2,940164126,1,67108864,268435456,268435456,32,whisk,1024,0,2,2,0,withoutBinSizeLogging Sync initBackoff:2 maxRetries:5,,
-N973iqUU2jJ_VoBA6Xf,18,MovingAveragePolling,3,1,4776579321,2,67108864,268435456,268435456,32,whisk,1024,0,2,2,0,withoutBinSizeLogging Sync initBackoff:2 maxRetries:5,,
-N973iqUU2jJ_VoBA6Xg,18,MovingAveragePolling,3,2,940164126,1,67108864,268435456,268435456,32,whisk,1024,0,2,2,0,withoutBinSizeLogging Sync initBackoff:2 maxRetries:5,,
-N973iqUU2jJ_VoBA6Xe,18,MovingAveragePolling,3,0,0,2,67108864,268435456,268435456,32,whisk,1024,0,2,2,304422681528,withoutBinSizeLogging Sync initBackoff:2 maxRetries:5,,
-N976BsADYHb7NZNiFDW,18,MovingAveragePolling,3,0,0,2,67108864,268435456,268435456,32,whisk,1024,0,2,2,309807238743,withoutBinSizeLogging Sync initBackoff:2 maxRetries:5,,
-N976BsADYHb7NZNiFDX,18,MovingAveragePolling,3,1,4776579321,2,67108864,268435456,268435456,32,whisk,1024,0,2,2,0,withoutBinSizeLogging Sync initBackoff:2 maxRetries:5,,
-N976BsADYHb7NZNiFDY,18,MovingAveragePolling,3,2,940164126,1,67108864,268435456,268435456,32,whisk,1024,0,2,2,0,withoutBinSizeLogging Sync initBackoff:2 maxRetries:5,,
-N978anYvw-fRQiPoKSs,18,ConstantPolling,3,0,0,2,67108864,268435456,268435456,32,whisk,1024,0,2,2,230154261731,withoutBinSizeLogging Sync initBackoff:2 maxRetries:30,,
-N978anYvw-fRQiPoKSt,18,ConstantPolling,3,1,4776579321,2,67108864,268435456,268435456,32,whisk,1024,0,2,2,0,withoutBinSizeLogging Sync initBackoff:2 maxRetries:30,,
-N978anYvw-fRQiPoKSu,18,ConstantPolling,3,2,940164126,1,67108864,268435456,268435456,32,whisk,1024,0,2,2,0,withoutBinSizeLogging Sync initBackoff:2 maxRetries:30,,
-N97BqAxBA3FQtG8yJuJ,18,ConstantPolling,3,0,0,2,67108864,268435456,268435456,32,whisk,1024,0,2,2,238614767438,withoutBinSizeLogging Sync initBackoff:2 maxRetries:30,,
-N97BqAxBA3FQtG8yJuK,18,ConstantPolling,3,1,4776579321,2,67108864,268435456,268435456,32,whisk,1024,0,2,2,0,withoutBinSizeLogging Sync initBackoff:2 maxRetries:30,,
-N97BqAxBA3FQtG8yJuL,18,ConstantPolling,3,2,940164126,1,67108864,268435456,268435456,32,whisk,1024,0,2,2,0,withoutBinSizeLogging Sync initBackoff:2 maxRetries:30,,
-N97E7OHXKHZYJt_xyN6,18,ConstantPolling,3,0,0,2,67108864,268435456,268435456,32,whisk,1024,0,2,2,218681571175,withoutBinSizeLogging Sync initBackoff:2 maxRetries:30,,
-N97E7OHXKHZYJt_xyN7,18,ConstantPolling,3,1,4776579321,2,67108864,268435456,268435456,32,whisk,1024,0,2,2,0,withoutBinSizeLogging Sync initBackoff:2 maxRetries:30,,
-N97E7OHXKHZYJt_xyN8,18,ConstantPolling,3,2,940164126,1,67108864,268435456,268435456,32,whisk,1024,0,2,2,0,withoutBinSizeLogging Sync initBackoff:2 maxRetries:30,,
-N97F0y4OxHYVyQF4ela,18,DuplicationBackoffPolling,3,0,0,2,67108864,268435456,268435456,32,whisk,1024,0,2,2,255401583963,withoutBinSizeLogging Sync initBackoff:2 maxRetries:8,,
-N97F0y4OxHYVyQF4elb,18,DuplicationBackoffPolling,3,1,4776579321,2,67108864,268435456,268435456,32,whisk,1024,0,2,2,0,withoutBinSizeLogging Sync initBackoff:2 maxRetries:8,,
-N97F0y4OxHYVyQF4elc,18,DuplicationBackoffPolling,3,2,940164126,1,67108864,268435456,268435456,32,whisk,1024,0,2,2,0,withoutBinSizeLogging Sync initBackoff:2 maxRetries:8,,
-N97Gs9ls_YhdCETuDOg,18,DuplicationBackoffPolling,3,0,0,2,67108864,268435456,268435456,32,whisk,1024,0,2,2,248763924889,withoutBinSizeLogging Sync initBackoff:2 maxRetries:8,,
-N97Gs9ls_YhdCETuDOh,18,DuplicationBackoffPolling,3,1,4776579321,2,67108864,268435456,268435456,32,whisk,1024,0,2,2,0,withoutBinSizeLogging Sync initBackoff:2 maxRetries:8,,
-N97Gs9ls_YhdCETuDOi,18,DuplicationBackoffPolling,3,2,940164126,1,67108864,268435456,268435456,32,whisk,1024,0,2,2,0,withoutBinSizeLogging Sync initBackoff:2 maxRetries:8,,
-N97ISeijT89tqvvFCM8,18,DuplicationBackoffPolling,3,0,0,2,67108864,268435456,268435456,32,whisk,1024,0,2,2,217456460427,withoutBinSizeLogging Sync initBackoff:2 maxRetries:8,,
-N97ISeijT89tqvvFCM9,18,DuplicationBackoffPolling,3,1,4776579321,2,67108864,268435456,268435456,32,whisk,1024,0,2,2,0,withoutBinSizeLogging Sync initBackoff:2 maxRetries:8,,
-N97ISeijT89tqvvFCMA,18,DuplicationBackoffPolling,3,2,940164126,1,67108864,268435456,268435456,32,whisk,1024,0,2,2,0,withoutBinSizeLogging Sync initBackoff:2 maxRetries:8,,
-N97J_i9meLaxKGj79d9,18,LinearBackoffPolling,3,2,940164126,1,67108864,268435456,268435456,32,whisk,1024,0,2,2,0,withoutBinSizeLogging Sync initBackoff:2 maxRetries:5,,
-N97J_i9meLaxKGj79d7,18,LinearBackoffPolling,3,0,0,2,67108864,268435456,268435456,32,whisk,1024,0,2,2,292024563015,withoutBinSizeLogging Sync initBackoff:2 maxRetries:5,,
-N97J_i9meLaxKGj79d8,18,LinearBackoffPolling,3,1,4776579321,2,67108864,268435456,268435456,32,whisk,1024,0,2,2,0,withoutBinSizeLogging Sync initBackoff:2 maxRetries:5,,
-N97LncsVo3NACn7hMMV,18,LinearBackoffPolling,3,0,0,2,67108864,268435456,268435456,32,whisk,1024,0,2,2,284271180201,withoutBinSizeLogging Sync initBackoff:2 maxRetries:5,,
-N97LncsVo3NACn7hMMW,18,LinearBackoffPolling,3,1,4776579321,2,67108864,268435456,268435456,32,whisk,1024,0,2,2,0,withoutBinSizeLogging Sync initBackoff:2 maxRetries:5,,
-N97LncsVo3NACn7hMMX,18,LinearBackoffPolling,3,2,940164126,1,67108864,268435456,268435456,32,whisk,1024,0,2,2,0,withoutBinSizeLogging Sync initBackoff:2 maxRetries:5,,
-N97OQT9bcRHwtYvGjJ5,18,LinearBackoffPolling,3,0,0,2,67108864,268435456,268435456,32,whisk,1024,0,2,2,291627844810,withoutBinSizeLogging Sync initBackoff:2 maxRetries:5,,
-N97OQT9bcRHwtYvGjJ6,18,LinearBackoffPolling,3,1,4776579321,2,67108864,268435456,268435456,32,whisk,1024,0,2,2,0,withoutBinSizeLogging Sync initBackoff:2 maxRetries:5,,
-N97OQT9bcRHwtYvGjJ7,18,LinearBackoffPolling,3,2,940164126,1,67108864,268435456,268435456,32,whisk,1024,0,2,2,0,withoutBinSizeLogging Sync initBackoff:2 maxRetries:5,,
-N97R_iF18mtmebf5K-c,18,SquaredBackoffPolling,3,1,4776579321,2,67108864,268435456,268435456,32,whisk,1024,0,2,2,0,withoutBinSizeLogging Sync initBackoff:2 maxRetries:5,,
-N97R_iF18mtmebf5K-d,18,SquaredBackoffPolling,3,2,940164126,1,67108864,268435456,268435456,32,whisk,1024,0,2,2,0,withoutBinSizeLogging Sync initBackoff:2 maxRetries:5,,
-N97R_iF18mtmebf5K-b,18,SquaredBackoffPolling,3,0,0,2,67108864,268435456,268435456,32,whisk,1024,0,2,2,250647344811,withoutBinSizeLogging Sync initBackoff:2 maxRetries:5,,
-N97TkkijUqKQzy4V48e,18,SquaredBackoffPolling,3,1,4776579321,2,67108864,268435456,268435456,32,whisk,1024,0,2,2,0,withoutBinSizeLogging Sync initBackoff:2 maxRetries:5,,
-N97TkkijUqKQzy4V48f,18,SquaredBackoffPolling,3,2,940164126,1,67108864,268435456,268435456,32,whisk,1024,0,2,2,0,withoutBinSizeLogging Sync initBackoff:2 maxRetries:5,,
-N97TkkijUqKQzy4V48d,18,SquaredBackoffPolling,3,0,0,2,67108864,268435456,268435456,32,whisk,1024,0,2,2,232952213519,withoutBinSizeLogging Sync initBackoff:2 maxRetries:5,,
-N97UkhX4qlQqJF4Oe4p,18,SquaredBackoffPolling,3,0,0,2,67108864,268435456,268435456,32,whisk,1024,0,2,2,248040215206,withoutBinSizeLogging Sync initBackoff:2 maxRetries:5,,
-N97UkhX4qlQqJF4Oe4q,18,SquaredBackoffPolling,3,1,4776579321,2,67108864,268435456,268435456,32,whisk,1024,0,2,2,0,withoutBinSizeLogging Sync initBackoff:2 maxRetries:5,,
-N97UkhX4qlQqJF4Oe4r,18,SquaredBackoffPolling,3,2,940164126,1,67108864,268435456,268435456,32,whisk,1024,0,2,2,0,withoutBinSizeLogging Sync initBackoff:2 maxRetries:5,,
-N97Vp2QFBBM2qrH76XR,21,ExponentialBackoffPolling,6,5,0,1,67108864,201326592,201326592,32,whisk,1024,0,3,3,0,withoutBinSizeLogging Sync initBackoff:4 maxRetries:5,,
-N97Vp2QFBBM2qrH76XM,21,ExponentialBackoffPolling,6,0,0,2,67108864,201326592,201326592,32,whisk,1024,0,3,3,2292768136046,withoutBinSizeLogging Sync initBackoff:4 maxRetries:5,,
-N97Vp2QFBBM2qrH76XN,21,ExponentialBackoffPolling,6,1,4948916,2,67108864,201326592,201326592,32,whisk,1024,0,3,3,0,withoutBinSizeLogging Sync initBackoff:4 maxRetries:5,,
-N97Vp2QFBBM2qrH76XO,21,ExponentialBackoffPolling,6,2,9187619993,2,67108864,201326592,201326592,32,whisk,1024,0,3,3,0,withoutBinSizeLogging Sync initBackoff:4 maxRetries:5,,
-N97Vp2QFBBM2qrH76XP,21,ExponentialBackoffPolling,6,3,8623949889,2,67108864,201326592,201326592,32,whisk,1024,0,3,3,0,withoutBinSizeLogging Sync initBackoff:4 maxRetries:5,,
-N97Vp2QFBBM2qrH76XQ,21,ExponentialBackoffPolling,6,4,2211417242,1,67108864,201326592,201326592,32,whisk,1024,0,3,3,0,withoutBinSizeLogging Sync initBackoff:4 maxRetries:5,,
-N97eMpxk7fh-APf-MKv,21,ExponentialBackoffPolling,6,0,0,2,67108864,201326592,201326592,32,whisk,1024,0,3,3,2295716312875,withoutBinSizeLogging Sync initBackoff:4 maxRetries:5,,
-N97eMpxk7fh-APf-MKw,21,ExponentialBackoffPolling,6,1,4948916,2,67108864,201326592,201326592,32,whisk,1024,0,3,3,0,withoutBinSizeLogging Sync initBackoff:4 maxRetries:5,,
-N97eMpxk7fh-APf-MKx,21,ExponentialBackoffPolling,6,2,650339512,2,67108864,201326592,201326592,32,whisk,1024,0,3,3,0,withoutBinSizeLogging Sync initBackoff:4 maxRetries:5,,
-N97eMpxk7fh-APf-MKy,21,ExponentialBackoffPolling,6,3,1157742182,2,67108864,201326592,201326592,32,whisk,1024,0,3,3,0,withoutBinSizeLogging Sync initBackoff:4 maxRetries:5,,
-N97eMpxk7fh-APf-MKz,21,ExponentialBackoffPolling,6,4,2211417242,1,67108864,201326592,201326592,32,whisk,1024,0,3,3,0,withoutBinSizeLogging Sync initBackoff:4 maxRetries:5,,
-N97eMpxk7fh-APf-ML-,21,ExponentialBackoffPolling,6,5,0,1,67108864,201326592,201326592,32,whisk,1024,0,3,3,0,withoutBinSizeLogging Sync initBackoff:4 maxRetries:5,,
-N97nP46EL0eORgTYgnl,21,ExponentialBackoffPolling,6,0,0,2,67108864,201326592,201326592,32,whisk,1024,0,3,3,2292257652272,withoutBinSizeLogging Sync initBackoff:4 maxRetries:5,,
-N97nP46EL0eORgTYgnm,21,ExponentialBackoffPolling,6,1,4948916,2,67108864,201326592,201326592,32,whisk,1024,0,3,3,0,withoutBinSizeLogging Sync initBackoff:4 maxRetries:5,,
-N97nP46EL0eORgTYgnn,21,ExponentialBackoffPolling,6,2,1708157788,2,67108864,201326592,201326592,32,whisk,1024,0,3,3,0,withoutBinSizeLogging Sync initBackoff:4 maxRetries:5,,
-N97nP46EL0eORgTYgno,21,ExponentialBackoffPolling,6,3,1865983310,2,67108864,201326592,201326592,32,whisk,1024,0,3,3,0,withoutBinSizeLogging Sync initBackoff:4 maxRetries:5,,
-N97nP46EL0eORgTYgnp,21,ExponentialBackoffPolling,6,4,2211417242,1,67108864,201326592,201326592,32,whisk,1024,0,3,3,0,withoutBinSizeLogging Sync initBackoff:4 maxRetries:5,,
-N97nP46EL0eORgTYgnq,21,ExponentialBackoffPolling,6,5,0,1,67108864,201326592,201326592,32,whisk,1024,0,3,3,0,withoutBinSizeLogging Sync initBackoff:4 maxRetries:5,,
-N981jkzOs8njjKDAGIz,21,MovingAveragePolling,6,5,0,1,67108864,201326592,201326592,32,whisk,1024,0,3,3,0,withoutBinSizeLogging Sync initBackoff:4 maxRetries:5,,
-N981jkzOs8njjKDAGIu,21,MovingAveragePolling,6,0,0,2,67108864,201326592,201326592,32,whisk,1024,0,3,3,1059544496563,withoutBinSizeLogging Sync initBackoff:4 maxRetries:5,,
-N981jkzOs8njjKDAGIv,21,MovingAveragePolling,6,1,4948916,2,67108864,201326592,201326592,32,whisk,1024,0,3,3,0,withoutBinSizeLogging Sync initBackoff:4 maxRetries:5,,
-N981jkzOs8njjKDAGIw,21,MovingAveragePolling,6,2,4848653728,2,67108864,201326592,201326592,32,whisk,1024,0,3,3,0,withoutBinSizeLogging Sync initBackoff:4 maxRetries:5,,
-N981jkzOs8njjKDAGIx,21,MovingAveragePolling,6,3,584743961,2,67108864,201326592,201326592,32,whisk,1024,0,3,3,0,withoutBinSizeLogging Sync initBackoff:4 maxRetries:5,,
-N981jkzOs8njjKDAGIy,21,MovingAveragePolling,6,4,2211417242,1,67108864,201326592,201326592,32,whisk,1024,0,3,3,0,withoutBinSizeLogging Sync initBackoff:4 maxRetries:5,,
-N987F4E3FWFk0-jv3lw,21,MovingAveragePolling,6,5,0,1,67108864,201326592,201326592,32,whisk,1024,0,3,3,0,withoutBinSizeLogging Sync initBackoff:4 maxRetries:5,,
-N987F4E3FWFk0-jv3lr,21,MovingAveragePolling,6,0,0,2,67108864,201326592,201326592,32,whisk,1024,0,3,3,990526027405,withoutBinSizeLogging Sync initBackoff:4 maxRetries:5,,
-N987F4E3FWFk0-jv3ls,21,MovingAveragePolling,6,1,4948916,2,67108864,201326592,201326592,32,whisk,1024,0,3,3,0,withoutBinSizeLogging Sync initBackoff:4 maxRetries:5,,
-N987F4E3FWFk0-jv3lt,21,MovingAveragePolling,6,2,1332917091,2,67108864,201326592,201326592,32,whisk,1024,0,3,3,0,withoutBinSizeLogging Sync initBackoff:4 maxRetries:5,,
-N987F4E3FWFk0-jv3lu,21,MovingAveragePolling,6,3,0,2,67108864,201326592,201326592,32,whisk,1024,0,3,3,0,withoutBinSizeLogging Sync initBackoff:4 maxRetries:5,,
-N987F4E3FWFk0-jv3lv,21,MovingAveragePolling,6,4,2211417242,1,67108864,201326592,201326592,32,whisk,1024,0,3,3,0,withoutBinSizeLogging Sync initBackoff:4 maxRetries:5,,
-N98FmohahquZSJaXk1x,21,MovingAveragePolling,6,4,2211417242,1,67108864,201326592,201326592,32,whisk,1024,0,3,3,0,withoutBinSizeLogging Sync initBackoff:4 maxRetries:5,,
-N98FmohahquZSJaXk1y,21,MovingAveragePolling,6,5,0,1,67108864,201326592,201326592,32,whisk,1024,0,3,3,0,withoutBinSizeLogging Sync initBackoff:4 maxRetries:5,,
-N98FmohahquZSJaXk1t,21,MovingAveragePolling,6,0,0,2,67108864,201326592,201326592,32,whisk,1024,0,3,3,2343587420173,withoutBinSizeLogging Sync initBackoff:4 maxRetries:5,,
-N98FmohahquZSJaXk1u,21,MovingAveragePolling,6,1,4948916,2,67108864,201326592,201326592,32,whisk,1024,0,3,3,0,withoutBinSizeLogging Sync initBackoff:4 maxRetries:5,,
-N98FmohahquZSJaXk1v,21,MovingAveragePolling,6,2,4097824084,2,67108864,201326592,201326592,32,whisk,1024,0,3,3,0,withoutBinSizeLogging Sync initBackoff:4 maxRetries:5,,
-N98FmohahquZSJaXk1w,21,MovingAveragePolling,6,3,3744179845,2,67108864,201326592,201326592,32,whisk,1024,0,3,3,0,withoutBinSizeLogging Sync initBackoff:4 maxRetries:5,,
-N98OtZyKv92VZ5sdjvQ,21,AveragePolling,6,5,0,1,67108864,201326592,201326592,32,whisk,1024,0,3,3,0,withoutBinSizeLogging Sync initBackoff:4 maxRetries:5,,
-N98OtZyKv92VZ5sdjvL,21,AveragePolling,6,0,0,2,67108864,201326592,201326592,32,whisk,1024,0,3,3,982908253257,withoutBinSizeLogging Sync initBackoff:4 maxRetries:5,,
-N98OtZyKv92VZ5sdjvM,21,AveragePolling,6,1,4948916,2,67108864,201326592,201326592,32,whisk,1024,0,3,3,0,withoutBinSizeLogging Sync initBackoff:4 maxRetries:5,,
-N98OtZyKv92VZ5sdjvN,21,AveragePolling,6,2,1207407921,2,67108864,201326592,201326592,32,whisk,1024,0,3,3,0,withoutBinSizeLogging Sync initBackoff:4 maxRetries:5,,
-N98OtZyKv92VZ5sdjvO,21,AveragePolling,6,3,2915908384,2,67108864,201326592,201326592,32,whisk,1024,0,3,3,0,withoutBinSizeLogging Sync initBackoff:4 maxRetries:5,,
-N98OtZyKv92VZ5sdjvP,21,AveragePolling,6,4,2211417242,1,67108864,201326592,201326592,32,whisk,1024,0,3,3,0,withoutBinSizeLogging Sync initBackoff:4 maxRetries:5,,
-N98UnxY_KYNQ4mLzR5q,21,AveragePolling,6,0,0,2,67108864,201326592,201326592,32,whisk,1024,0,3,3,1397563365640,withoutBinSizeLogging Sync initBackoff:4 maxRetries:5,,
-N98UnxY_KYNQ4mLzR5r,21,AveragePolling,6,1,4948916,2,67108864,201326592,201326592,32,whisk,1024,0,3,3,0,withoutBinSizeLogging Sync initBackoff:4 maxRetries:5,,
-N98UnxY_KYNQ4mLzR5s,21,AveragePolling,6,2,1813264657,2,67108864,201326592,201326592,32,whisk,1024,0,3,3,0,withoutBinSizeLogging Sync initBackoff:4 maxRetries:5,,
-N98UnxY_KYNQ4mLzR5t,21,AveragePolling,6,3,860755065,2,67108864,201326592,201326592,32,whisk,1024,0,3,3,0,withoutBinSizeLogging Sync initBackoff:4 maxRetries:5,,
-N98UnxY_KYNQ4mLzR5u,21,AveragePolling,6,4,2211417242,1,67108864,201326592,201326592,32,whisk,1024,0,3,3,0,withoutBinSizeLogging Sync initBackoff:4 maxRetries:5,,
-N98UnxY_KYNQ4mLzR5v,21,AveragePolling,6,5,0,1,67108864,201326592,201326592,32,whisk,1024,0,3,3,0,withoutBinSizeLogging Sync initBackoff:4 maxRetries:5,,
-N98_YRc3IbPi1UcPArl,21,AveragePolling,6,4,2211417242,1,67108864,201326592,201326592,32,whisk,1024,0,3,3,0,withoutBinSizeLogging Sync initBackoff:4 maxRetries:5,,
-N98_YRc3IbPi1UcPArm,21,AveragePolling,6,5,0,1,67108864,201326592,201326592,32,whisk,1024,0,3,3,0,withoutBinSizeLogging Sync initBackoff:4 maxRetries:5,,
-N98_YRc3IbPi1UcPArh,21,AveragePolling,6,0,0,2,67108864,201326592,201326592,32,whisk,1024,0,3,3,1912291167531,withoutBinSizeLogging Sync initBackoff:4 maxRetries:5,,
-N98_YRc3IbPi1UcPAri,21,AveragePolling,6,1,4948916,2,67108864,201326592,201326592,32,whisk,1024,0,3,3,0,withoutBinSizeLogging Sync initBackoff:4 maxRetries:5,,
-N98_YRc3IbPi1UcPArj,21,AveragePolling,6,2,1443315725,2,67108864,201326592,201326592,32,whisk,1024,0,3,3,0,withoutBinSizeLogging Sync initBackoff:4 maxRetries:5,,
-N98_YRc3IbPi1UcPArk,21,AveragePolling,6,3,1680113252,2,67108864,201326592,201326592,32,whisk,1024,0,3,3,0,withoutBinSizeLogging Sync initBackoff:4 maxRetries:5,,
-N98hT1YvE702turPu7l,21,DuplicationBackoffPolling,6,5,0,1,67108864,201326592,201326592,32,whisk,1024,0,3,3,0,withoutBinSizeLogging Sync initBackoff:4 maxRetries:8,,
-N98hT1YvE702turPu7g,21,DuplicationBackoffPolling,6,0,0,2,67108864,201326592,201326592,32,whisk,1024,0,3,3,946543840655,withoutBinSizeLogging Sync initBackoff:4 maxRetries:8,,
-N98hT1YvE702turPu7h,21,DuplicationBackoffPolling,6,1,4948916,2,67108864,201326592,201326592,32,whisk,1024,0,3,3,0,withoutBinSizeLogging Sync initBackoff:4 maxRetries:8,,
-N98hT1YvE702turPu7i,21,DuplicationBackoffPolling,6,2,2753661926,2,67108864,201326592,201326592,32,whisk,1024,0,3,3,0,withoutBinSizeLogging Sync initBackoff:4 maxRetries:8,,
-N98hT1YvE702turPu7j,21,DuplicationBackoffPolling,6,3,837825782,2,67108864,201326592,201326592,32,whisk,1024,0,3,3,0,withoutBinSizeLogging Sync initBackoff:4 maxRetries:8,,
-N98hT1YvE702turPu7k,21,DuplicationBackoffPolling,6,4,2211417242,1,67108864,201326592,201326592,32,whisk,1024,0,3,3,0,withoutBinSizeLogging Sync initBackoff:4 maxRetries:8,,
-N98oMNZ4QjKoTT99Veq,21,DuplicationBackoffPolling,6,5,0,1,67108864,201326592,201326592,32,whisk,1024,0,3,3,0,withoutBinSizeLogging Sync initBackoff:4 maxRetries:8,,
-N98oMNZ4QjKoTT99Vel,21,DuplicationBackoffPolling,6,0,0,2,67108864,201326592,201326592,32,whisk,1024,0,3,3,977656128354,withoutBinSizeLogging Sync initBackoff:4 maxRetries:8,,
-N98oMNZ4QjKoTT99Vem,21,DuplicationBackoffPolling,6,1,4948916,2,67108864,201326592,201326592,32,whisk,1024,0,3,3,0,withoutBinSizeLogging Sync initBackoff:4 maxRetries:8,,
-N98oMNZ4QjKoTT99Ven,21,DuplicationBackoffPolling,6,2,793426740,2,67108864,201326592,201326592,32,whisk,1024,0,3,3,0,withoutBinSizeLogging Sync initBackoff:4 maxRetries:8,,
-N98oMNZ4QjKoTT99Veo,21,DuplicationBackoffPolling,6,3,1032472363,2,67108864,201326592,201326592,32,whisk,1024,0,3,3,0,withoutBinSizeLogging Sync initBackoff:4 maxRetries:8,,
-N98oMNZ4QjKoTT99Vep,21,DuplicationBackoffPolling,6,4,2211417242,1,67108864,201326592,201326592,32,whisk,1024,0,3,3,0,withoutBinSizeLogging Sync initBackoff:4 maxRetries:8,,
-N9Ag5-0uwff89AX75iQ,21,DuplicationBackoffPolling,6,0,0,2,67108864,201326592,201326592,32,whisk,1024,0,3,3,937723696973,withoutBinSizeLogging Sync initBackoff:4 maxRetries:8,,
-N9Ag5-0uwff89AX75iR,21,DuplicationBackoffPolling,6,1,4948916,2,67108864,201326592,201326592,32,whisk,1024,0,3,3,0,withoutBinSizeLogging Sync initBackoff:4 maxRetries:8,,
-N9Ag5-0uwff89AX75iS,21,DuplicationBackoffPolling,6,2,1975618965,2,67108864,201326592,201326592,32,whisk,1024,0,3,3,0,withoutBinSizeLogging Sync initBackoff:4 maxRetries:8,,
-N9Ag5-0uwff89AX75iT,21,DuplicationBackoffPolling,6,3,805825064,2,67108864,201326592,201326592,32,whisk,1024,0,3,3,0,withoutBinSizeLogging Sync initBackoff:4 maxRetries:8,,
-N9Ag5-0uwff89AX75iU,21,DuplicationBackoffPolling,6,4,2211417242,1,67108864,201326592,201326592,32,whisk,1024,0,3,3,0,withoutBinSizeLogging Sync initBackoff:4 maxRetries:8,,
-N9Ag5-0uwff89AX75iV,21,DuplicationBackoffPolling,6,5,0,1,67108864,201326592,201326592,32,whisk,1024,0,3,3,0,withoutBinSizeLogging Sync initBackoff:4 maxRetries:8,,
-N9Ar8L7exFRDTkiQqN3,21,SquaredBackoffPolling,6,1,4948916,2,67108864,201326592,201326592,32,whisk,1024,0,3,3,0,withoutBinSizeLogging Sync initBackoff:4 maxRetries:5,,
-N9Ar8L7exFRDTkiQqN4,21,SquaredBackoffPolling,6,2,2139037442,2,67108864,201326592,201326592,32,whisk,1024,0,3,3,0,withoutBinSizeLogging Sync initBackoff:4 maxRetries:5,,
-N9Ar8L7exFRDTkiQqN5,21,SquaredBackoffPolling,6,3,218304667,2,67108864,201326592,201326592,32,whisk,1024,0,3,3,0,withoutBinSizeLogging Sync initBackoff:4 maxRetries:5,,
-N9Ar8L7exFRDTkiQqN6,21,SquaredBackoffPolling,6,4,2211417242,1,67108864,201326592,201326592,32,whisk,1024,0,3,3,0,withoutBinSizeLogging Sync initBackoff:4 maxRetries:5,,
-N9Ar8L7exFRDTkiQqN7,21,SquaredBackoffPolling,6,5,0,1,67108864,201326592,201326592,32,whisk,1024,0,3,3,0,withoutBinSizeLogging Sync initBackoff:4 maxRetries:5,,
-N9Ar8L7exFRDTkiQqN2,21,SquaredBackoffPolling,6,0,0,2,67108864,201326592,201326592,32,whisk,1024,0,3,3,1980691231103,withoutBinSizeLogging Sync initBackoff:4 maxRetries:5,,
-N9Azl2XrOHHkWdFROYU,21,SquaredBackoffPolling,6,0,0,2,67108864,201326592,201326592,32,whisk,1024,0,3,3,2264086803085,withoutBinSizeLogging Sync initBackoff:4 maxRetries:5,,
-N9Azl2XrOHHkWdFROYV,21,SquaredBackoffPolling,6,1,4948916,2,67108864,201326592,201326592,32,whisk,1024,0,3,3,0,withoutBinSizeLogging Sync initBackoff:4 maxRetries:5,,
-N9Azl2XrOHHkWdFROYW,21,SquaredBackoffPolling,6,2,4391497898,2,67108864,201326592,201326592,32,whisk,1024,0,3,3,0,withoutBinSizeLogging Sync initBackoff:4 maxRetries:5,,
-N9Azl2XrOHHkWdFROYX,21,SquaredBackoffPolling,6,3,0,2,67108864,201326592,201326592,32,whisk,1024,0,3,3,0,withoutBinSizeLogging Sync initBackoff:4 maxRetries:5,,
-N9Azl2XrOHHkWdFROYY,21,SquaredBackoffPolling,6,4,2211417242,1,67108864,201326592,201326592,32,whisk,1024,0,3,3,0,withoutBinSizeLogging Sync initBackoff:4 maxRetries:5,,
-N9Azl2XrOHHkWdFROYZ,21,SquaredBackoffPolling,6,5,0,1,67108864,201326592,201326592,32,whisk,1024,0,3,3,0,withoutBinSizeLogging Sync initBackoff:4 maxRetries:5,,
-N9BG-KqbXCRLTh5p71A,21,SquaredBackoffPolling,6,2,1756571259,2,67108864,201326592,201326592,32,whisk,1024,0,3,3,0,withoutBinSizeLogging Sync initBackoff:4 maxRetries:8,,
-N9BG-KqbXCRLTh5p71B,21,SquaredBackoffPolling,6,3,218304667,2,67108864,201326592,201326592,32,whisk,1024,0,3,3,0,withoutBinSizeLogging Sync initBackoff:4 maxRetries:8,,
-N9BG-KqbXCRLTh5p71C,21,SquaredBackoffPolling,6,4,2211417242,1,67108864,201326592,201326592,32,whisk,1024,0,3,3,0,withoutBinSizeLogging Sync initBackoff:4 maxRetries:8,,
-N9BG-KqbXCRLTh5p71D,21,SquaredBackoffPolling,6,5,0,1,67108864,201326592,201326592,32,whisk,1024,0,3,3,0,withoutBinSizeLogging Sync initBackoff:4 maxRetries:8,,
-N9BG-KqbXCRLTh5p718,21,SquaredBackoffPolling,6,0,0,2,67108864,201326592,201326592,32,whisk,1024,0,3,3,923112057472,withoutBinSizeLogging Sync initBackoff:4 maxRetries:8,,
-N9BG-KqbXCRLTh5p719,21,SquaredBackoffPolling,6,1,4948916,2,67108864,201326592,201326592,32,whisk,1024,0,3,3,0,withoutBinSizeLogging Sync initBackoff:4 maxRetries:8,,
-N9BKf5YaKH59MTThAAS,21,LinearBackoffPolling,6,0,0,2,67108864,201326592,201326592,32,whisk,1024,0,3,3,1072465787677,withoutBinSizeLogging Sync initBackoff:4 maxRetries:5,,
-N9BKf5YaKH59MTThAAT,21,LinearBackoffPolling,6,1,4948916,2,67108864,201326592,201326592,32,whisk,1024,0,3,3,0,withoutBinSizeLogging Sync initBackoff:4 maxRetries:5,,
-N9BKf5YaKH59MTThAAU,21,LinearBackoffPolling,6,2,2311930576,2,67108864,201326592,201326592,32,whisk,1024,0,3,3,0,withoutBinSizeLogging Sync initBackoff:4 maxRetries:5,,
-N9BKf5YaKH59MTThAAV,21,LinearBackoffPolling,6,3,1946888709,2,67108864,201326592,201326592,32,whisk,1024,0,3,3,0,withoutBinSizeLogging Sync initBackoff:4 maxRetries:5,,
-N9BKf5YaKH59MTThAAW,21,LinearBackoffPolling,6,4,2211417242,1,67108864,201326592,201326592,32,whisk,1024,0,3,3,0,withoutBinSizeLogging Sync initBackoff:4 maxRetries:5,,
-N9BKf5YaKH59MTThAAX,21,LinearBackoffPolling,6,5,0,1,67108864,201326592,201326592,32,whisk,1024,0,3,3,0,withoutBinSizeLogging Sync initBackoff:4 maxRetries:5,,
-N9BSwnfHuWpEuIXspyl,21,LinearBackoffPolling,6,3,1045294477,2,67108864,201326592,201326592,32,whisk,1024,0,3,3,0,withoutBinSizeLogging Sync initBackoff:4 maxRetries:5,,
-N9BSwnfHuWpEuIXspym,21,LinearBackoffPolling,6,4,2211417242,1,67108864,201326592,201326592,32,whisk,1024,0,3,3,0,withoutBinSizeLogging Sync initBackoff:4 maxRetries:5,,
-N9BSwnfHuWpEuIXspyn,21,LinearBackoffPolling,6,5,0,1,67108864,201326592,201326592,32,whisk,1024,0,3,3,0,withoutBinSizeLogging Sync initBackoff:4 maxRetries:5,,
-N9BSwnfHuWpEuIXspyi,21,LinearBackoffPolling,6,0,0,2,67108864,201326592,201326592,32,whisk,1024,0,3,3,3325993035108,withoutBinSizeLogging Sync initBackoff:4 maxRetries:5,,
-N9BSwnfHuWpEuIXspyj,21,LinearBackoffPolling,6,1,4948916,2,67108864,201326592,201326592,32,whisk,1024,0,3,3,0,withoutBinSizeLogging Sync initBackoff:4 maxRetries:5,,
-N9BSwnfHuWpEuIXspyk,21,LinearBackoffPolling,6,2,1422227656,2,67108864,201326592,201326592,32,whisk,1024,0,3,3,0,withoutBinSizeLogging Sync initBackoff:4 maxRetries:5,,
-N9Bfg0INRY8iwtnEGgD,21,LinearBackoffPolling,6,5,0,1,67108864,201326592,201326592,32,whisk,1024,0,3,3,0,withoutBinSizeLogging Sync initBackoff:4 maxRetries:5,,
-N9Bfg0INRY8iwtnEGg8,21,LinearBackoffPolling,6,0,0,2,67108864,201326592,201326592,32,whisk,1024,0,3,3,1290831111843,withoutBinSizeLogging Sync initBackoff:4 maxRetries:5,,
-N9Bfg0INRY8iwtnEGg9,21,LinearBackoffPolling,6,1,4948916,2,67108864,201326592,201326592,32,whisk,1024,0,3,3,0,withoutBinSizeLogging Sync initBackoff:4 maxRetries:5,,
-N9Bfg0INRY8iwtnEGgA,21,LinearBackoffPolling,6,2,1612512860,2,67108864,201326592,201326592,32,whisk,1024,0,3,3,0,withoutBinSizeLogging Sync initBackoff:4 maxRetries:5,,
-N9Bfg0INRY8iwtnEGgB,21,LinearBackoffPolling,6,3,1925562620,2,67108864,201326592,201326592,32,whisk,1024,0,3,3,0,withoutBinSizeLogging Sync initBackoff:4 maxRetries:5,,
-N9Bfg0INRY8iwtnEGgC,21,LinearBackoffPolling,6,4,2211417242,1,67108864,201326592,201326592,32,whisk,1024,0,3,3,0,withoutBinSizeLogging Sync initBackoff:4 maxRetries:5,,
-N9Bu3vgLZL2FBqFOJbT,21,ConstantPolling,6,1,4948916,2,67108864,201326592,201326592,32,whisk,1024,0,3,3,0,withoutBinSizeLogging Sync initBackoff:4 maxRetries:40,,
-N9Bu3vgLZL2FBqFOJbU,21,ConstantPolling,6,2,384966632,2,67108864,201326592,201326592,32,whisk,1024,0,3,3,0,withoutBinSizeLogging Sync initBackoff:4 maxRetries:40,,
-N9Bu3vgLZL2FBqFOJbV,21,ConstantPolling,6,3,0,2,67108864,201326592,201326592,32,whisk,1024,0,3,3,0,withoutBinSizeLogging Sync initBackoff:4 maxRetries:40,,
-N9Bu3vgLZL2FBqFOJbW,21,ConstantPolling,6,4,2003582417,1,67108864,201326592,201326592,32,whisk,1024,0,3,3,0,withoutBinSizeLogging Sync initBackoff:4 maxRetries:40,,
-N9Bu3vgLZL2FBqFOJbX,21,ConstantPolling,6,5,0,1,67108864,201326592,201326592,32,whisk,1024,0,3,3,0,withoutBinSizeLogging Sync initBackoff:4 maxRetries:40,,
-N9Bu3vgLZL2FBqFOJbS,21,ConstantPolling,6,0,0,2,67108864,201326592,201326592,32,whisk,1024,0,3,3,906192209825,withoutBinSizeLogging Sync initBackoff:4 maxRetries:40,,
-N9Byg0c7sbRqwemY8mf,21,ConstantPolling,6,0,0,2,67108864,201326592,201326592,32,whisk,1024,0,3,3,885318612337,withoutBinSizeLogging Sync initBackoff:4 maxRetries:40,,
-N9Byg0c7sbRqwemY8mg,21,ConstantPolling,6,1,4948916,2,67108864,201326592,201326592,32,whisk,1024,0,3,3,0,withoutBinSizeLogging Sync initBackoff:4 maxRetries:40,,
-N9Byg0c7sbRqwemY8mh,21,ConstantPolling,6,2,192673022,2,67108864,201326592,201326592,32,whisk,1024,0,3,3,0,withoutBinSizeLogging Sync initBackoff:4 maxRetries:40,,
-N9Byg0c7sbRqwemY8mi,21,ConstantPolling,6,3,0,2,67108864,201326592,201326592,32,whisk,1024,0,3,3,0,withoutBinSizeLogging Sync initBackoff:4 maxRetries:40,,
-N9Byg0c7sbRqwemY8mj,21,ConstantPolling,6,4,2211417242,1,67108864,201326592,201326592,32,whisk,1024,0,3,3,0,withoutBinSizeLogging Sync initBackoff:4 maxRetries:40,,
-N9Byg0c7sbRqwemY8mk,21,ConstantPolling,6,5,0,1,67108864,201326592,201326592,32,whisk,1024,0,3,3,0,withoutBinSizeLogging Sync initBackoff:4 maxRetries:40,,
-N9C8LjlY8OXRJLN6cYi,21,ConstantPolling,6,0,0,2,67108864,201326592,201326592,32,whisk,1024,0,3,3,922383971228,withoutBinSizeLogging Sync initBackoff:4 maxRetries:40,,
-N9C8LjlY8OXRJLN6cYj,21,ConstantPolling,6,1,4948916,2,67108864,201326592,201326592,32,whisk,1024,0,3,3,0,withoutBinSizeLogging Sync initBackoff:4 maxRetries:40,,
-N9C8LjlY8OXRJLN6cYk,21,ConstantPolling,6,2,406761995,2,67108864,201326592,201326592,32,whisk,1024,0,3,3,0,withoutBinSizeLogging Sync initBackoff:4 maxRetries:40,,
-N9C8LjlY8OXRJLN6cYl,21,ConstantPolling,6,3,0,2,67108864,201326592,201326592,32,whisk,1024,0,3,3,0,withoutBinSizeLogging Sync initBackoff:4 maxRetries:40,,
-N9C8LjlY8OXRJLN6cYm,21,ConstantPolling,6,4,2211417242,1,67108864,201326592,201326592,32,whisk,1024,0,3,3,0,withoutBinSizeLogging Sync initBackoff:4 maxRetries:40,,
-N9C8LjlY8OXRJLN6cYn,21,ConstantPolling,6,5,0,1,67108864,201326592,201326592,32,whisk,1024,0,3,3,0,withoutBinSizeLogging Sync initBackoff:4 maxRetries:40,,
